ID,Allele1.1,Allele1.2,Allele2.1,Allele2.2,Allele3.1,Allele3.2,Allele4.1,Allele4.2,Allele5.1,Allele5.2,Allele6.1,Allele6.2,Allele7.1,Allele7.2,Allele8.1,Allele8.2,Allele9.1,Allele9.2,Allele10.1,Allele10.2,Allele11.1,Allele11.2,Allele12.1,Allele12.2,Allele13.1,Allele13.2,Allele14.1,Allele14.2,Allele15.1,Allele15.2,Allele16.1,Allele16.2
TR_001,195,197,242,250,248,252,196,196,270,274,265,281,168,168,318,333,372,376,132,132,156,156,137,137,214,218,159,161,97,107,115,119
TR_002,193,193,238,242,260,268,196,196,258,274,293,293,164,168,318,333,364,364,128,132,156,156,137,137,208,220,159,159,107,107,117,123
TR_003,191,193,238,242,252,300,196,196,226,270,293,293,156,156,321,330,372,380,124,124,156,162,133,135,216,218,157,161,97,97,119,121
TR_004,195,195,246,254,292,300,196,196,246,270,289,293,160,164,327,333,364,384,132,136,159,162,137,137,216,218,159,159,97,97,123,125
TR_005,191,191,234,246,252,304,196,196,242,270,265,281,156,164,336,339,384,388,132,138,156,162,137,137,206,210,153,153,97,107,117,121
TR_006,193,193,246,246,204,296,196,196,246,262,281,297,156,172,333,339,364,376,132,132,156,156,129,137,212,216,155,157,97,107,113,123
TR_007,193,193,246,246,252,300,196,196,274,278,297,297,160,164,312,333,364,372,132,132,162,162,137,141,216,220,153,161,97,107,115,117
TR_008,193,193,234,254,252,256,196,196,274,302,265,281,164,164,318,333,392,392,128,132,156,156,137,137,214,216,153,155,97,107,115,121
TR_009,193,193,246,246,256,296,196,196,246,278,265,281,172,172,330,336,392,392,132,132,156,162,131,137,208,212,157,161,97,107,117,119
TR_010,191,191,234,246,260,296,196,196,242,278,265,297,160,168,333,336,376,392,128,132,156,162,137,137,212,216,155,155,107,107,123,123
TR_011,193,193,234,234,256,268,196,196,238,258,265,265,156,160,333,333,376,380,132,136,156,162,139,139,212,218,157,157,97,109,121,123
TR_012,187,187,238,246,260,300,196,196,258,278,297,297,156,164,312,330,372,372,132,132,162,162,137,137,206,216,155,155,97,97,113,117
TR_013,191,191,246,250,248,260,196,196,258,274,265,265,164,168,327,339,376,388,128,128,156,156,137,141,210,216,153,161,97,107,115,121
TR_014,187,199,246,250,256,296,196,196,238,278,265,293,156,172,333,336,376,392,132,132,156,162,137,141,212,212,157,157,107,107,123,123
TR_015,191,191,242,246,252,256,196,196,238,278,265,293,168,168,327,333,372,372,132,132,156,156,137,137,216,220,143,155,107,111,115,117
TR_016,193,193,242,250,256,276,196,196,226,234,229,265,156,168,333,333,376,384,128,132,156,156,137,137,216,220,155,155,107,107,115,123
TR_017,NA,NA,NA,NA,NA,NA,196,196,226,238,265,265,168,168,318,333,356,384,128,138,156,156,137,141,214,216,151,157,107,111,117,123
TR_018,191,191,250,254,256,256,196,196,234,270,265,297,168,168,327,336,364,388,128,132,156,156,137,137,210,216,155,155,97,107,123,123
TR_019,191,191,242,246,256,256,196,196,234,270,249,269,160,168,327,339,356,372,128,132,156,156,137,137,212,214,153,163,107,107,115,119
TR_020,191,191,242,254,252,256,196,196,234,274,293,297,156,168,327,333,372,384,128,132,156,162,137,137,216,218,159,159,107,107,113,115
TR_021,191,191,246,258,248,252,196,196,246,246,301,301,160,160,333,333,368,368,126,126,150,159,129,129,212,212,143,161,107,107,113,117
TR_022,193,193,246,254,232,232,196,196,246,270,293,301,156,156,333,333,368,384,128,134,156,156,137,141,212,214,143,157,97,109,113,117
TR_023,191,191,250,250,NA,NA,196,196,238,254,293,297,160,164,333,333,372,380,132,132,156,162,137,141,216,220,161,161,97,107,123,123
TR_024,193,193,254,254,232,232,196,196,270,270,293,293,156,156,333,333,372,380,128,128,156,156,137,141,216,226,155,165,97,97,119,119
TR_025,193,193,250,250,264,292,196,196,246,274,265,297,156,160,333,339,364,372,132,132,156,162,137,137,208,210,161,163,97,97,117,127
TR_026,193,193,250,250,244,296,196,196,258,270,265,265,164,176,333,336,364,376,132,132,156,156,137,137,206,216,157,161,97,97,113,113
TR_027,191,193,250,250,240,260,196,196,230,274,265,293,160,168,318,342,364,396,132,132,156,156,137,137,216,216,157,159,107,107,113,123
TR_028,193,193,246,250,248,252,196,196,246,270,265,297,164,168,318,333,372,376,132,132,156,156,137,137,210,216,155,157,97,97,113,123
TR_029,193,193,242,250,248,252,196,196,246,298,293,293,156,160,318,333,380,380,128,134,156,159,137,137,212,214,155,161,97,97,123,123
TR_030,193,193,246,246,244,256,196,196,250,274,265,297,164,164,318,330,364,372,132,132,156,156,131,131,212,214,157,159,97,111,119,123
TR_031,193,193,242,250,252,256,196,196,246,274,265,297,156,156,321,339,372,376,132,132,156,156,137,137,204,212,157,157,97,107,117,117
TR_032,193,195,242,246,256,264,196,196,230,274,265,297,156,168,321,330,356,364,128,128,156,156,137,137,216,220,157,157,97,97,123,123
TR_033,193,193,246,250,260,268,196,196,238,270,229,265,164,172,339,339,364,380,132,132,156,156,137,141,216,218,153,155,107,107,121,121
TR_034,193,193,242,242,256,288,220,220,294,298,321,321,160,164,318,327,364,388,132,132,156,156,137,137,214,216,159,163,97,97,117,123
TR_035,195,195,242,250,252,256,196,196,246,274,265,297,160,176,333,339,384,400,132,138,156,162,137,141,212,216,159,159,97,107,117,123
TR_036,193,193,NA,NA,NA,NA,196,196,270,274,265,265,156,156,333,333,380,400,132,132,156,156,137,137,212,214,151,155,97,107,123,123
TR_037,193,193,234,250,228,228,NA,NA,NA,NA,NA,NA,156,164,333,339,372,372,132,132,156,156,137,137,212,214,155,157,97,97,115,119
TR_038,193,193,242,242,248,268,196,196,246,270,293,297,164,164,333,339,400,400,132,132,156,156,137,137,214,216,157,157,99,99,119,119
TR_039,191,191,250,250,260,272,196,196,270,298,297,301,156,164,333,339,384,388,128,132,156,156,137,137,216,216,157,161,97,107,123,123
TR_040,195,195,242,246,252,256,196,196,230,270,265,293,156,160,318,330,372,388,128,132,153,159,137,141,216,216,151,157,97,97,117,123
TR_041,193,193,242,246,NA,NA,196,196,250,270,297,297,140,156,321,333,372,380,128,132,156,156,137,137,214,216,153,157,97,111,115,119
TR_042,193,193,242,250,268,300,196,196,246,270,265,265,156,164,318,321,364,372,132,132,156,156,137,137,212,214,161,165,97,97,117,123
TR_043,193,193,250,250,248,252,196,196,250,270,297,297,156,156,333,333,372,384,132,132,156,156,137,141,216,218,157,157,97,107,115,121
TR_044,193,193,242,254,252,256,NA,NA,NA,NA,NA,NA,156,168,318,333,364,388,128,132,156,162,137,137,216,218,155,161,97,107,119,123
TR_045,193,193,238,242,248,256,196,196,238,274,265,293,156,160,312,339,380,384,130,132,156,156,137,137,216,216,155,157,97,107,113,115
TR_046,193,193,NA,NA,252,252,196,196,238,274,265,293,156,160,312,339,380,384,132,132,156,156,131,137,216,218,155,157,97,109,123,123
TR_047,193,193,238,242,256,256,196,196,246,270,265,265,156,156,333,333,356,400,132,132,156,156,137,137,210,214,155,155,97,97,123,123
TR_048,193,195,NA,NA,252,256,196,196,270,270,265,297,160,168,321,333,356,364,132,132,156,162,137,137,212,214,153,155,97,97,117,121
TR_049,193,193,NA,NA,252,256,196,196,238,274,265,297,164,168,327,339,388,400,132,132,156,156,139,139,212,214,153,155,97,107,115,117
TR_050,191,191,250,250,228,228,196,196,258,270,265,281,160,160,318,339,356,376,132,132,156,156,131,137,214,216,151,155,97,107,113,121
TR_051,193,193,250,250,NA,NA,196,196,270,278,265,293,160,172,333,333,360,380,128,132,156,156,137,137,208,216,153,161,97,97,123,123
TR_052,193,193,234,250,260,260,196,196,250,302,265,293,172,172,327,333,372,380,132,136,156,156,139,139,206,214,155,155,97,107,117,123
TR_053,193,193,238,246,256,260,196,196,246,274,265,289,156,172,312,333,356,360,128,132,156,156,137,137,212,214,155,159,97,97,119,119
TR_054,193,193,234,250,260,260,196,196,270,274,265,293,164,164,333,333,364,372,128,132,156,156,137,137,208,212,161,161,97,107,117,123
TR_055,187,193,242,246,256,296,196,196,234,278,265,265,160,164,312,333,376,388,132,132,156,162,137,137,212,216,155,165,97,107,117,123
TR_056,187,187,242,246,256,268,NA,NA,NA,NA,NA,NA,164,164,318,330,364,372,132,132,156,156,137,141,210,216,155,155,97,107,123,127
TR_057,191,191,246,254,232,232,196,196,242,274,293,293,164,176,318,333,364,376,132,132,156,162,137,137,214,220,157,159,97,109,117,123
TR_058,191,191,238,250,256,276,196,196,258,298,265,297,164,168,318,333,364,376,128,130,156,162,137,137,216,216,157,159,97,97,115,119
TR_059,193,193,234,254,236,236,196,196,270,274,265,265,160,168,318,321,376,392,132,132,156,162,137,141,218,220,157,161,107,107,117,119
TR_060,195,195,250,250,252,264,196,196,274,302,265,297,164,168,333,333,372,380,128,132,156,162,137,137,210,216,159,159,97,97,113,115
TR_061,187,191,258,258,244,252,196,196,250,250,293,297,156,164,333,336,372,372,132,132,156,156,137,141,210,224,153,155,107,107,113,113
TR_062,193,193,254,254,260,260,196,196,258,274,265,293,164,164,318,318,372,388,132,132,156,156,141,141,212,214,153,153,107,107,123,123
TR_063,193,193,234,242,248,252,196,196,234,302,293,293,148,168,324,336,376,380,128,130,159,159,135,135,216,216,157,161,97,97,113,115
TR_064,NA,NA,NA,NA,NA,NA,196,196,274,302,265,297,160,168,327,339,360,364,128,136,162,162,137,137,218,226,157,157,97,107,117,119
TR_065,191,193,234,242,276,276,196,196,270,274,293,297,156,156,333,333,376,384,118,124,153,153,131,131,204,206,153,153,97,107,113,121
TR_066,191,193,250,254,276,280,196,196,234,274,265,265,160,168,321,321,364,364,132,132,156,156,137,137,216,218,155,157,97,107,113,117
TR_067,193,193,238,250,252,256,196,196,274,302,265,297,168,172,333,333,372,376,128,128,156,156,131,131,214,216,153,155,97,109,123,123
TR_068,191,195,246,254,256,260,196,196,258,266,265,281,156,164,333,333,364,384,128,136,162,162,137,137,212,214,155,157,97,107,117,123
TR_069,193,193,246,250,252,252,196,196,242,270,265,293,160,164,333,333,364,372,132,132,162,162,137,137,206,214,153,159,97,107,123,123
TR_070,191,191,238,246,232,248,196,196,270,274,293,297,156,160,324,333,372,380,132,132,156,156,137,137,214,214,159,165,97,97,121,123
TR_071,191,191,242,250,260,296,196,196,242,266,265,297,156,160,333,333,380,384,132,132,156,156,137,137,212,214,157,161,97,97,115,121
TR_072,191,193,242,250,252,256,196,196,270,274,265,297,156,164,324,333,364,372,132,136,156,162,137,141,216,216,159,159,97,107,117,117
TR_073,191,191,242,246,292,296,196,196,266,270,265,265,156,168,312,336,372,372,132,132,156,156,141,141,208,216,159,165,107,109,119,123
TR_074,193,193,246,246,240,248,196,196,274,274,265,301,156,164,333,333,376,380,128,132,156,162,137,137,214,216,155,155,97,97,119,123
TR_075,187,187,234,246,252,256,196,196,246,266,293,297,164,168,330,333,368,388,132,136,156,156,137,141,210,224,151,155,97,109,113,121
TR_076,193,193,254,254,236,236,196,196,270,274,297,297,156,160,327,342,356,380,132,132,156,162,137,137,210,216,153,155,97,101,117,127
TR_077,191,193,234,242,292,300,196,196,258,258,265,297,172,172,318,327,368,380,132,132,156,162,137,137,216,216,155,159,97,97,117,123
TR_078,193,193,250,250,252,256,196,196,270,274,293,293,160,160,333,333,364,376,128,128,162,162,137,137,208,216,157,159,97,97,113,125
TR_079,193,193,246,250,NA,NA,196,196,238,246,289,293,156,164,330,333,352,368,128,132,156,156,137,141,204,216,153,157,97,107,121,121
TR_080,193,193,242,246,232,232,196,196,270,274,265,293,164,168,321,327,364,368,128,132,156,156,137,141,208,210,153,157,97,107,123,123
TR_081,191,191,242,242,248,268,196,196,246,270,265,265,156,160,327,333,364,400,132,132,156,162,137,141,216,222,157,159,97,97,NA,NA
TR_082,193,193,242,242,NA,NA,196,196,270,274,265,293,156,160,327,336,364,388,132,132,156,156,137,141,208,216,155,155,97,97,113,125
TR_083,193,193,234,250,256,256,200,200,246,274,265,293,156,160,321,327,372,372,132,132,156,162,137,141,214,216,157,167,97,107,123,123
TR_084,193,193,242,250,252,264,196,196,270,270,265,293,160,172,321,321,364,372,132,132,156,162,139,139,216,218,155,157,97,107,117,123
TR_085,191,191,234,238,248,248,196,196,270,298,281,289,156,160,333,336,364,364,132,132,156,156,137,141,214,218,159,159,97,97,115,121
TR_086,191,193,246,258,260,260,204,220,266,298,313,317,156,160,312,333,376,384,132,132,156,156,137,137,212,214,151,155,107,107,115,117
TR_087,191,191,246,258,252,292,NA,NA,NA,NA,NA,NA,156,160,318,333,380,380,128,132,156,156,137,137,212,214,157,159,107,107,117,123
TR_088,193,193,234,250,252,256,196,196,242,270,289,293,156,164,321,333,384,388,132,132,156,162,137,137,216,216,153,157,97,107,123,123
TR_089,191,191,250,250,256,300,196,196,242,266,281,293,156,156,339,339,372,380,136,136,156,162,137,137,216,216,153,157,95,105,119,121
TR_090,191,191,238,242,256,264,196,196,250,274,265,265,160,164,318,321,360,380,128,128,156,156,137,137,214,216,153,159,97,97,123,123
TR_091,193,193,242,258,228,268,196,196,246,270,265,265,164,172,333,333,360,372,128,132,156,156,137,137,216,216,157,161,97,107,117,125
TR_092,193,193,242,246,228,228,196,196,270,274,293,297,164,164,333,339,356,380,132,132,162,162,139,143,216,218,155,155,97,107,119,123
TR_093,193,193,246,254,252,252,196,196,266,266,265,273,156,164,321,327,380,388,132,136,156,156,137,141,212,214,155,157,97,107,123,127
TR_094,193,193,NA,NA,252,264,180,196,242,270,265,297,156,176,321,339,376,388,132,132,156,156,139,139,216,218,153,157,97,97,119,123
TR_095,193,193,242,246,268,276,204,220,270,294,313,313,156,156,318,339,356,376,132,132,156,156,139,139,212,216,153,153,97,97,115,115
TR_096,193,193,242,250,252,260,196,196,270,274,265,297,156,156,321,339,372,376,132,132,156,156,123,137,216,218,151,151,97,97,119,119
TR_097,191,191,246,250,260,260,196,196,230,242,265,297,156,160,318,339,380,384,128,132,156,156,137,137,218,222,157,157,97,107,123,123
TR_098,193,193,242,258,264,264,196,196,226,246,265,293,156,164,333,339,380,388,130,132,156,156,137,137,210,214,153,157,97,107,123,123
TR_099,191,193,246,254,248,252,196,196,238,270,265,285,164,176,333,333,360,360,130,132,156,156,137,137,212,214,155,159,97,97,119,119
TR_100,193,193,250,250,256,260,NA,NA,NA,NA,NA,NA,156,164,327,339,372,384,128,132,156,156,139,143,214,216,157,159,97,97,117,117
TR_101,195,195,250,250,260,260,176,196,270,298,265,293,156,172,321,339,360,380,128,132,162,162,139,139,212,218,157,159,97,107,115,123
TR_102,193,193,246,250,252,256,196,196,270,294,289,293,156,172,330,333,356,392,132,132,162,162,139,139,212,218,155,159,97,107,117,117
TR_103,191,191,242,242,256,264,172,196,246,274,265,281,164,164,330,339,372,376,132,132,156,156,139,139,206,226,153,155,97,107,123,123
TR_104,193,193,246,246,256,256,196,196,238,246,265,265,156,164,321,333,372,376,128,132,156,156,139,139,208,212,157,159,107,107,119,119
TR_105,193,193,234,250,244,288,196,196,242,274,265,297,156,156,333,333,372,388,132,132,156,156,139,139,216,216,157,157,97,107,123,123
TR_106,193,193,234,242,244,252,196,196,238,270,265,297,156,168,333,333,360,364,132,132,156,162,139,139,216,228,155,159,97,107,119,123
TR_107,193,193,246,250,244,268,196,196,242,274,265,265,156,172,333,333,364,388,132,132,156,156,139,139,210,216,153,155,97,107,123,123
TR_108,193,193,250,250,248,256,196,196,230,274,285,305,156,160,321,333,376,388,132,132,156,162,139,139,212,218,155,159,97,107,117,117
TR_109,193,193,242,246,252,268,196,196,246,274,265,289,156,172,333,339,356,364,132,132,156,156,137,137,206,212,153,161,107,107,123,123
TR_110,191,195,242,246,244,260,196,196,238,270,265,289,156,160,333,339,356,388,128,132,156,162,129,137,216,226,153,157,97,107,117,119
TR_111,193,193,250,250,NA,NA,196,196,234,246,289,289,156,160,339,339,368,368,132,132,156,162,139,139,212,216,159,159,97,97,119,123
TR_112,193,193,246,250,228,264,196,196,238,306,265,293,156,156,330,339,356,392,128,128,156,156,139,139,206,218,155,157,97,97,117,119
TR_113,193,195,254,258,256,260,196,196,246,270,265,293,164,172,333,339,372,380,128,132,156,156,139,139,216,218,153,161,97,111,117,123
TR_114,193,193,234,242,252,260,196,196,246,270,265,293,156,160,318,330,360,376,128,132,156,156,139,139,216,216,153,161,97,107,117,123
TR_115,195,195,246,250,248,248,196,196,270,274,265,289,156,160,312,321,372,384,132,132,156,156,139,139,220,220,151,161,97,107,115,117
TR_116,193,193,242,242,252,256,196,196,274,274,293,297,156,156,321,336,376,388,132,132,156,156,139,139,206,210,157,161,97,97,123,123
TR_117,195,195,246,250,252,268,196,196,266,274,265,281,160,160,318,318,364,400,132,132,156,156,139,139,212,212,153,157,97,97,123,123
TR_118,193,193,238,242,248,252,196,196,274,294,265,265,156,160,312,339,356,380,132,132,156,156,139,139,212,218,157,159,97,109,117,123
TR_119,191,191,246,250,256,292,196,196,270,270,265,289,156,164,312,339,372,388,132,132,156,156,133,137,216,222,155,157,97,97,123,123
TR_120,193,193,246,250,260,440,196,196,246,270,265,293,156,172,312,339,368,372,132,132,156,162,129,129,212,216,159,159,97,107,123,123
TR_121,193,193,242,258,256,292,196,196,270,274,265,265,152,156,333,333,372,376,132,132,156,156,133,137,214,218,157,157,97,97,117,123
TR_122,191,191,238,242,296,300,196,196,246,246,265,265,160,168,333,333,364,372,132,132,156,162,133,137,218,218,155,159,97,107,113,117
TR_123,191,191,242,250,228,228,196,196,246,270,265,265,156,172,327,333,368,388,128,132,156,156,137,137,216,218,153,161,97,97,123,123
TR_124,193,195,238,250,228,260,196,196,270,274,265,289,164,168,312,327,364,400,132,132,156,156,137,137,206,222,157,157,97,97,117,123
TR_125,199,199,238,246,252,256,196,196,274,278,265,297,160,160,318,333,368,376,132,132,162,162,137,137,216,222,153,155,97,107,117,117
TR_126,193,193,234,250,252,260,196,196,274,278,265,265,156,160,318,321,364,368,128,128,162,162,137,137,212,214,153,155,97,107,117,117
TR_127,193,193,242,246,252,292,196,196,270,298,265,293,164,164,318,324,368,384,128,132,156,162,139,139,206,214,155,159,97,107,109,117
TR_128,195,195,250,258,256,256,196,196,270,274,265,285,156,176,327,339,384,392,132,132,156,162,133,139,214,216,159,159,97,97,119,125
TR_129,193,193,242,250,256,260,196,196,270,298,265,293,160,168,327,333,364,376,132,132,156,162,139,139,208,208,157,157,107,107,123,123
TR_130,191,193,238,250,260,292,196,196,270,278,265,297,156,172,321,327,384,400,132,132,156,156,139,139,216,220,155,157,97,107,117,123
TR_131,191,193,242,242,244,260,196,196,246,270,293,301,160,160,321,333,356,368,132,132,156,156,139,139,216,216,157,159,97,97,123,123
TR_132,191,191,242,250,256,300,196,196,274,286,265,265,160,160,321,333,360,376,132,132,156,156,137,137,208,208,155,161,97,107,121,123
TR_133,187,195,242,242,268,272,196,196,274,306,265,301,160,160,321,333,384,392,128,128,156,162,129,137,210,216,157,157,107,107,117,121
TR_135,193,193,254,258,236,244,196,196,242,250,265,297,140,156,327,327,344,356,132,132,156,162,137,137,216,220,157,167,97,107,115,117
TR_136,187,187,246,246,260,272,196,196,270,274,281,297,156,160,318,324,372,392,132,136,156,156,137,137,216,218,159,161,97,97,115,117
TR_137,193,195,246,246,252,256,196,196,242,242,265,293,160,168,333,333,364,368,132,136,156,156,137,137,218,218,157,159,97,107,113,117
TR_138,193,193,242,250,244,244,196,196,266,278,265,293,156,156,330,342,368,388,132,132,156,162,137,137,216,216,155,159,97,107,123,123
TR_139,193,193,234,238,256,280,196,196,266,270,293,301,168,176,312,324,368,376,136,136,156,162,139,139,216,218,157,159,107,107,115,117
TR_140,193,193,246,250,248,256,196,196,234,270,265,293,156,160,333,333,368,380,128,132,156,156,139,139,212,218,157,159,97,97,113,117
TR_141,191,191,250,254,240,240,196,196,234,302,265,297,156,160,333,333,364,372,132,132,156,156,137,137,216,218,155,163,107,107,123,123
TR_142,191,193,246,246,256,292,196,196,250,274,265,297,156,156,327,333,368,392,128,132,156,156,137,137,216,218,157,159,109,109,113,115
TR_143,193,193,238,250,296,312,196,196,274,302,265,281,168,176,333,333,364,372,128,132,156,156,137,137,216,216,161,161,97,109,119,123
TR_144,191,191,250,250,252,292,196,196,242,274,293,297,156,160,330,333,380,392,132,132,156,162,137,141,210,220,157,157,97,97,115,121
TR_145,187,187,238,238,244,244,196,196,238,238,297,297,160,168,330,333,372,388,132,132,156,156,133,137,216,216,157,157,97,107,113,117
TR_146,193,193,242,246,248,256,196,196,238,274,265,297,156,160,333,333,364,392,128,132,156,162,139,143,214,216,159,165,97,107,123,123
TR_147,193,195,246,246,252,256,196,196,234,234,265,265,156,160,333,342,368,380,128,132,156,162,137,137,216,218,161,161,107,109,119,119
TR_148,193,193,250,250,248,248,196,196,230,270,265,265,160,164,318,327,376,380,132,132,156,162,137,137,208,212,157,159,97,107,115,123
TR_149,193,193,238,250,252,256,196,196,242,258,265,265,160,172,312,318,368,388,132,132,156,162,137,137,208,220,159,159,97,107,117,121
TR_150,193,193,250,258,296,312,196,196,234,266,293,293,160,176,333,333,368,388,132,132,156,156,137,137,216,218,159,165,97,107,123,123
TR_151,187,193,246,258,248,252,196,196,234,266,265,297,156,168,324,339,368,388,132,132,156,162,139,139,220,220,157,161,97,107,119,125
TR_152,193,193,242,242,244,244,196,196,250,274,265,297,164,164,333,333,360,384,128,138,156,156,139,139,208,218,157,159,97,107,113,123
TR_153,187,193,246,250,252,264,196,196,226,270,265,281,156,160,333,333,368,392,128,132,156,162,139,139,216,216,155,159,97,107,115,119
TR_154,191,191,242,254,256,280,196,196,242,274,293,297,156,160,324,333,368,376,132,136,156,162,137,141,212,216,155,157,97,107,115,117
TR_155,187,187,242,246,244,244,196,196,234,266,281,297,156,156,321,342,368,388,132,132,162,162,137,137,216,218,159,163,97,97,117,117
TR_156,193,193,246,246,256,300,196,196,226,234,293,297,156,164,318,333,368,372,132,140,156,162,139,139,208,216,157,159,97,107,119,119
TR_157,193,193,234,250,244,252,196,196,226,230,265,293,156,164,330,333,380,388,132,132,156,162,139,143,212,218,159,159,97,107,123,123
TR_158,193,193,238,242,296,296,196,196,226,226,265,297,156,160,318,330,368,368,132,132,156,162,139,143,216,218,157,159,97,107,123,123
TR_159,193,193,250,254,252,296,196,196,270,274,265,265,160,160,333,333,368,380,132,132,156,162,139,143,216,218,155,159,97,107,123,123
TR_160,191,191,238,254,248,260,196,196,270,274,293,297,172,176,318,330,360,368,132,136,156,162,139,139,214,216,155,159,97,109,127,127
TR_161,191,191,246,250,244,244,196,196,250,278,265,293,156,156,321,333,380,388,132,132,156,156,139,139,214,218,157,167,97,97,119,119
TR_162,191,193,238,254,252,256,196,196,230,234,265,265,160,164,318,333,380,392,132,132,156,156,133,137,214,216,157,169,97,97,119,121
TR_163,193,193,250,250,252,264,196,196,246,270,265,297,160,172,318,330,368,376,132,132,156,162,139,139,212,224,159,165,97,97,123,123
TR_164,187,191,250,254,252,256,196,196,266,270,265,293,168,176,324,330,380,384,132,132,156,156,133,139,220,224,157,159,97,107,115,119
TR_165,193,197,246,258,248,272,196,196,234,270,297,297,156,156,318,333,372,376,132,132,156,156,137,137,216,216,159,159,97,97,115,123
TR_166,193,193,234,242,256,256,196,196,234,270,265,297,160,172,324,327,376,392,132,132,156,156,137,137,218,220,159,165,97,107,117,121
TR_167,191,193,246,250,280,300,196,196,238,270,265,301,160,168,321,330,368,380,136,136,156,156,137,137,218,220,153,159,97,97,123,127
TR_168,187,191,246,246,248,280,196,196,242,270,297,297,164,168,324,333,372,384,132,132,156,156,137,137,218,218,157,163,107,109,117,121
TR_169,191,191,246,254,244,248,196,196,258,274,265,297,136,144,291,291,356,356,128,132,156,156,137,137,216,216,157,163,107,107,113,121
TR_170,193,195,246,250,248,260,196,196,270,274,265,297,156,164,312,330,360,372,128,140,156,162,137,137,218,218,157,159,97,107,117,121
TR_171,193,193,234,242,240,240,196,196,238,238,265,297,156,164,312,333,376,380,132,136,156,162,137,141,218,220,157,159,97,107,123,123
TR_172,193,193,246,250,248,248,196,196,242,274,265,265,156,164,321,333,376,380,128,132,156,156,137,137,210,216,155,161,97,109,127,127
TR_173,195,197,242,242,260,300,196,196,274,274,265,297,160,160,321,333,360,400,128,128,156,156,137,137,206,206,157,159,107,107,117,117
TR_174,195,197,242,242,256,256,196,196,266,270,265,281,160,160,318,321,392,396,128,132,156,162,137,137,206,208,153,155,107,107,123,123
TR_175,197,197,242,250,256,260,196,196,286,286,265,301,152,160,330,333,372,376,128,128,156,156,139,139,216,216,155,155,97,97,117,117
TR_176,197,197,238,238,256,256,196,196,270,282,293,301,152,156,321,333,376,388,128,132,156,162,139,143,208,212,153,153,97,107,117,117
TR_177,193,193,234,246,252,260,196,200,242,242,265,301,156,164,321,333,372,376,128,132,156,162,137,137,216,220,157,159,97,111,121,121
TR_178,191,195,234,242,256,300,196,196,270,270,265,301,156,168,318,333,364,364,128,132,156,156,137,141,212,212,153,159,97,97,117,121
TR_179,191,191,242,242,252,300,196,196,290,298,301,301,156,164,324,330,372,376,128,132,156,156,137,141,212,218,155,155,97,107,117,117
TR_180,187,195,250,250,252,260,196,196,258,286,265,293,160,160,333,333,368,372,128,132,156,162,137,137,210,214,157,159,97,107,117,117
TR_181,193,193,250,250,240,300,196,196,266,286,265,265,156,160,318,318,376,396,132,132,156,162,137,137,212,220,155,155,97,111,117,125
TR_182,191,191,242,242,260,300,196,196,234,254,293,293,152,156,333,333,364,376,128,132,162,162,137,137,212,214,153,153,97,107,117,121
TR_183,195,195,242,250,248,252,196,196,246,310,265,293,160,164,321,333,364,376,128,132,156,156,137,137,206,206,155,155,97,111,113,121
TR_184,199,199,238,242,252,268,196,196,266,286,265,265,156,160,324,333,364,372,128,132,156,162,137,137,212,220,147,157,107,111,113,127
TR_185,191,191,254,254,252,256,196,196,234,274,265,297,156,164,318,330,372,372,128,128,156,162,137,137,212,214,155,159,97,109,115,119
TR_186,187,191,246,246,248,268,196,196,246,266,265,293,160,160,327,333,392,400,128,128,156,162,137,137,216,218,159,167,97,97,117,121
TR_187,191,191,242,246,252,264,196,196,270,274,293,293,152,156,318,318,376,380,132,132,162,162,139,139,210,216,157,161,107,107,127,127
TR_188,193,197,238,242,248,256,196,196,278,290,265,297,160,168,318,321,368,376,128,132,162,162,139,139,212,216,157,157,107,107,113,117
TR_189,191,191,234,242,248,264,196,196,274,282,293,301,160,164,318,318,372,372,132,132,156,162,137,141,212,218,155,157,97,97,117,119
TR_190,191,191,242,242,264,264,196,196,234,286,265,293,156,156,333,333,364,376,128,132,156,162,137,137,216,220,153,157,97,97,121,127
TR_191,191,191,246,246,252,256,196,196,234,278,293,301,156,160,318,321,368,372,128,132,162,162,137,137,212,216,153,153,107,107,113,123
TR_192,191,191,242,242,256,256,196,196,246,282,265,297,156,160,321,333,372,376,128,128,156,156,137,137,206,208,151,155,97,97,123,123
TR_193,187,187,246,246,240,264,196,196,270,282,293,297,160,164,324,333,372,396,128,132,156,156,137,137,208,218,151,151,97,107,115,115
TR_194,191,191,246,246,256,260,196,196,246,270,265,265,160,160,318,333,392,400,128,132,156,156,137,141,206,216,151,161,97,107,123,123
TR_195,195,197,242,242,264,264,196,196,266,270,265,265,156,160,333,333,376,396,128,132,156,156,137,141,208,218,153,155,97,107,115,115
TR_196,191,199,238,246,248,264,196,196,270,270,297,301,156,160,318,333,376,400,128,128,156,156,137,137,208,208,153,153,97,97,117,123
TR_197,187,197,242,246,240,248,196,196,270,274,265,293,156,156,333,333,372,380,128,132,156,162,137,141,212,218,153,157,97,97,113,117
TR_198,187,187,242,246,240,256,196,196,282,294,265,265,156,164,330,333,372,400,128,132,156,156,137,137,206,212,155,159,107,107,123,127
TR_199,187,187,242,250,268,300,196,196,246,274,265,297,156,160,321,321,388,388,128,132,156,156,139,139,212,218,159,167,109,109,131,139
TR_200,NA,NA,250,250,260,300,196,196,270,302,297,301,160,164,318,333,376,376,128,128,156,162,129,139,208,212,153,163,97,107,117,123
TR_201,187,187,242,246,252,252,196,196,230,278,265,317,160,164,318,321,364,380,128,132,156,156,137,137,216,216,157,157,107,107,123,123
TR_202,195,195,234,242,264,272,196,196,274,278,265,265,156,160,321,321,364,388,128,128,156,162,137,137,216,218,153,157,97,97,117,125
TR_203,193,193,234,246,264,292,196,196,270,290,265,265,152,160,321,321,380,388,128,128,156,156,137,137,212,216,153,157,107,107,113,127
TR_204,191,191,242,250,264,272,196,196,230,294,289,293,156,156,330,333,372,392,128,132,156,162,137,137,202,212,155,161,107,107,125,125
TR_205,187,195,234,250,264,296,196,196,230,274,265,281,156,160,318,333,368,372,128,132,156,162,137,137,216,216,157,163,107,107,117,121
TR_206,195,195,234,250,252,268,196,196,230,298,265,265,160,164,333,333,364,376,128,132,156,156,137,137,206,212,155,157,97,107,125,125
TR_207,191,191,246,246,276,296,196,196,230,282,265,293,160,160,318,321,392,392,128,132,162,162,137,137,206,212,155,157,97,107,111,121
TR_208,189,191,238,246,260,268,196,196,230,270,293,297,156,160,318,336,360,392,128,128,156,156,137,137,208,214,151,157,97,97,117,123
TR_209,187,187,238,250,268,296,184,196,290,298,265,293,156,160,318,321,372,376,128,128,162,162,137,137,214,216,149,157,97,107,117,121
TR_210,187,191,242,254,264,292,196,196,258,278,265,293,160,160,321,333,360,392,128,132,156,162,137,137,214,218,157,157,107,107,123,125
TR_211,191,191,242,242,256,256,196,196,274,274,265,265,160,172,327,333,372,372,132,132,156,156,139,139,212,216,157,161,97,107,115,117
TR_212,193,193,238,250,248,292,196,196,270,270,265,265,156,176,321,339,376,392,128,132,156,162,137,137,216,218,159,161,97,97,115,123
TR_213,191,191,242,250,256,256,196,196,238,270,265,265,156,160,318,321,380,388,132,132,156,156,137,137,214,216,157,161,97,107,123,123
TR_214,191,191,238,246,292,296,196,196,234,274,265,265,156,156,318,333,372,376,132,132,156,162,137,141,208,218,159,161,97,97,113,115
TR_215,191,191,238,246,244,244,196,196,234,234,293,293,156,156,321,333,368,388,132,134,156,162,137,137,216,216,159,159,97,109,117,123
TR_216,193,193,238,246,252,260,196,196,270,270,297,297,160,164,312,333,360,364,128,132,156,156,137,141,206,216,157,159,97,107,117,123
TR_217,193,193,242,246,268,300,196,196,270,274,265,265,160,160,333,339,360,388,128,132,156,156,137,141,216,218,157,159,97,109,123,123
TR_218,193,193,238,254,248,252,196,196,242,270,265,297,156,164,333,333,364,380,132,132,156,162,137,137,214,220,159,159,97,107,123,123
TR_219,193,195,246,250,300,300,196,196,234,246,265,289,156,160,324,333,372,376,128,132,156,156,137,137,218,220,157,157,97,97,119,123
TR_220,195,195,242,258,252,252,196,196,274,274,265,297,156,172,312,333,360,360,132,132,162,162,137,137,218,220,157,165,97,107,123,123
TR_221,191,193,246,250,252,300,196,196,242,262,265,297,156,168,321,339,364,392,128,136,156,156,137,141,216,216,155,157,107,107,121,123
TR_222,193,193,250,250,256,300,196,196,226,274,265,265,160,172,327,333,372,372,132,132,156,156,137,141,216,216,155,159,97,107,123,127
TR_223,193,193,246,254,284,292,196,196,270,270,265,265,176,176,327,333,372,384,128,132,156,156,137,137,218,218,153,155,97,97,117,117
TR_224,193,193,250,250,252,252,196,196,270,270,265,297,156,160,327,339,364,384,132,132,156,162,137,137,206,218,157,157,107,111,113,123
